{"cameraMode":{"drawMode":0,"name":"Shaded","section":"Shading Mode"},"sceneLighting":true,"audioPlay":false,"sceneViewState":{"m_AlwaysRefresh":false,"showFog":true,"showSkybox":true,"showFlares":true,"showImageEffects":true,"showParticleSystems":true,"showVisualEffectGraphs":true,"m_FxEnabled":true},"in2DMode":false,"pivot":{"x":-30.32720375061035,"y":-1.3444452285766602,"z":30.19391632080078},"rotation":{"x":-0.1749069094657898,"y":0.010695815086364746,"z":-0.0018887765472754837,"w":-0.9845747947692871},"size":7.891725540161133,"orthographic":false}