{"cameraMode":{"drawMode":0,"name":"Shaded","section":"Shading Mode"},"sceneLighting":true,"audioPlay":false,"sceneViewState":{"m_AlwaysRefresh":false,"showFog":true,"showSkybox":true,"showFlares":true,"showImageEffects":true,"showParticleSystems":true,"showVisualEffectGraphs":true,"m_FxEnabled":true},"in2DMode":false,"pivot":{"x":-9.891643524169922,"y":-0.4809894561767578,"z":5.4467315673828129},"rotation":{"x":0.25709110498428347,"y":-0.19894680380821229,"z":0.05404888838529587,"w":0.9442207217216492},"size":10.759037017822266,"orthographic":false}